Setting,App,Feature,Precision,Recall,F1
within_apps,addressbook,content,1.0,1.0,1.0
within_apps,claroline,content,1.0,1.0,1.0
within_apps,ppma,content,1.0,1.0,1.0
within_apps,mrbs,content,0.999745805795628,0.999745805795628,0.999745805795628
within_apps,mantisbt,content,0.9990205680705192,0.9990205680705192,0.9990205680705192
within_apps,dimeshift,content,0.993849938499385,0.993849938499385,0.993849938499385
within_apps,pagekit,content,0.999765478424015,0.999765478424015,0.999765478424015
within_apps,phoenix,content,0.9997760859829824,0.9997760859829824,0.9997760859829824
within_apps,petclinic,content,1.0,1.0,1.0
